{"entities":{"pages":{"api-docs":{"id":"api-docs","title":"API Overview","url":"api-docs.html","level":0,"tabIndex":0},"API-quickstart":{"id":"API-quickstart","title":"API Quickstart","url":"api-quickstart.html","level":0,"tabIndex":1},"API-reference":{"id":"API-reference","title":"API Reference","url":"api-reference.html","level":0,"pages":["Pet","f95f6d6d_59","f95f6d6d_64"],"tabIndex":2},"Pet":{"id":"Pet","title":"Pet","url":"pet.html","level":1,"parentId":"API-reference","tabIndex":0},"f95f6d6d_59":{"id":"f95f6d6d_59","title":"Store","level":1,"parentId":"API-reference","pages":["Returns-pet-inventories-by-status","Place-an-order-for-a-pet","Find-purchase-order-by-ID","Delete-purchase-order-by-ID"],"tabIndex":1},"Returns-pet-inventories-by-status":{"id":"Returns-pet-inventories-by-status","title":"Find pet inventories by status","url":"returns-pet-inventories-by-status.html","level":2,"parentId":"f95f6d6d_59","tabIndex":0},"Place-an-order-for-a-pet":{"id":"Place-an-order-for-a-pet","title":"Place order for pet","url":"place-an-order-for-a-pet.html","level":2,"parentId":"f95f6d6d_59","tabIndex":1},"Find-purchase-order-by-ID":{"id":"Find-purchase-order-by-ID","title":"Find purchase order by ID","url":"find-purchase-order-by-id.html","level":2,"parentId":"f95f6d6d_59","tabIndex":2},"Delete-purchase-order-by-ID":{"id":"Delete-purchase-order-by-ID","title":"Delete purchase order by ID","url":"delete-purchase-order-by-id.html","level":2,"parentId":"f95f6d6d_59","tabIndex":3},"f95f6d6d_64":{"id":"f95f6d6d_64","title":"User","level":1,"parentId":"API-reference","pages":["Create-user","Creates-list-of-users-with-given-input-array","Logs-user-into-the-system","Logs-out-current-logged-in-user-session","Get-user-by-user-name","Update-user","Delete-user"],"tabIndex":2},"Create-user":{"id":"Create-user","title":"Create user","url":"create-user.html","level":2,"parentId":"f95f6d6d_64","tabIndex":0},"Creates-list-of-users-with-given-input-array":{"id":"Creates-list-of-users-with-given-input-array","title":"Create list of users with given input array","url":"creates-list-of-users-with-given-input-array.html","level":2,"parentId":"f95f6d6d_64","tabIndex":1},"Logs-user-into-the-system":{"id":"Logs-user-into-the-system","title":"Log user into the system","url":"logs-user-into-the-system.html","level":2,"parentId":"f95f6d6d_64","tabIndex":2},"Logs-out-current-logged-in-user-session":{"id":"Logs-out-current-logged-in-user-session","title":"Log current user out","url":"logs-out-current-logged-in-user-session.html","level":2,"parentId":"f95f6d6d_64","tabIndex":3},"Get-user-by-user-name":{"id":"Get-user-by-user-name","title":"Find user","url":"get-user-by-user-name.html","level":2,"parentId":"f95f6d6d_64","tabIndex":4},"Update-user":{"id":"Update-user","title":"Update user","url":"update-user.html","level":2,"parentId":"f95f6d6d_64","tabIndex":5},"Delete-user":{"id":"Delete-user","title":"Delete user","url":"delete-user.html","level":2,"parentId":"f95f6d6d_64","tabIndex":6},"Changes":{"id":"Changes","title":"Changes","url":"changes.html","level":0,"tabIndex":3}}},"topLevelIds":["api-docs","API-quickstart","API-reference","Changes"]}